position,reference_aa,most_common_aa,most_common_frequency,reference_frequency,unique_amino_acids,shannon_entropy,amino_acid_counts
1,M,M,1.000000,1.000000,1,0.000000,M:110
2,T,T,1.000000,1.000000,1,0.000000,T:110
3,T,T,1.000000,1.000000,1,0.000000,T:110
4,R,R,1.000000,1.000000,1,0.000000,R:110
5,T,T,1.000000,1.000000,1,0.000000,T:110
6,K,K,1.000000,1.000000,1,0.000000,K:110
7,G,G,1.000000,1.000000,1,0.000000,G:110
8,R,R,1.000000,1.000000,1,0.000000,R:110
9,G,G,1.000000,1.000000,1,0.000000,G:110
10,H,H,1.000000,1.000000,1,0.000000,H:110
11,T,T,1.000000,1.000000,1,0.000000,T:110
12,A,V,0.845455,0.154545,2,0.621099,A:17;V:93
13,A,A,1.000000,1.000000,1,0.000000,A:110
14,T,T,1.000000,1.000000,1,0.000000,T:110
15,T,T,1.000000,1.000000,1,0.000000,T:110
16,Q,Q,1.000000,1.000000,1,0.000000,Q:110
17,N,N,1.000000,1.000000,1,0.000000,N:110
18,D,D,1.000000,1.000000,1,0.000000,D:110
19,R,R,1.000000,1.000000,1,0.000000,R:110
20,M,M,1.000000,1.000000,1,0.000000,M:110
21,P,P,1.000000,1.000000,1,0.000000,P:110
22,G,G,1.000000,1.000000,1,0.000000,G:110
23,P,P,1.000000,1.000000,1,0.000000,P:110
24,E,E,1.000000,1.000000,1,0.000000,E:110
25,L,L,1.000000,1.000000,1,0.000000,L:110
26,S,S,1.000000,1.000000,1,0.000000,S:110
27,G,G,1.000000,1.000000,1,0.000000,G:110
28,W,W,1.000000,1.000000,1,0.000000,W:110
29,I,I,1.000000,1.000000,1,0.000000,I:110
30,S,S,1.000000,1.000000,1,0.000000,S:110
31,E,E,1.000000,1.000000,1,0.000000,E:110
32,Q,Q,1.000000,1.000000,1,0.000000,Q:110
33,L,L,1.000000,1.000000,1,0.000000,L:110
34,M,M,1.000000,1.000000,1,0.000000,M:110
35,T,T,1.000000,1.000000,1,0.000000,T:110
36,G,G,1.000000,1.000000,1,0.000000,G:110
37,R,R,1.000000,1.000000,1,0.000000,R:110
38,I,I,1.000000,1.000000,1,0.000000,I:110
39,P,P,1.000000,1.000000,1,0.000000,P:110
40,V,V,1.000000,1.000000,1,0.000000,V:110
41,S,S,0.990909,0.990909,2,0.074704,N:1;S:109
42,D,D,1.000000,1.000000,1,0.000000,D:110
43,I,I,1.000000,1.000000,1,0.000000,I:110
44,F,F,1.000000,1.000000,1,0.000000,F:110
45,C,C,1.000000,1.000000,1,0.000000,C:110
46,D,D,1.000000,1.000000,1,0.000000,D:110
47,I,I,1.000000,1.000000,1,0.000000,I:110
48,E,E,1.000000,1.000000,1,0.000000,E:110
49,N,N,1.000000,1.000000,1,0.000000,N:110
50,N,N,1.000000,1.000000,1,0.000000,N:110
51,P,P,1.000000,1.000000,1,0.000000,P:110
52,G,G,1.000000,1.000000,1,0.000000,G:110
53,L,L,1.000000,1.000000,1,0.000000,L:110
54,C,C,1.000000,1.000000,1,0.000000,C:110
55,Y,Y,1.000000,1.000000,1,0.000000,Y:110
56,A,A,1.000000,1.000000,1,0.000000,A:110
57,S,S,1.000000,1.000000,1,0.000000,S:110
58,Q,Q,1.000000,1.000000,1,0.000000,Q:110
59,M,M,1.000000,1.000000,1,0.000000,M:110
60,Q,Q,1.000000,1.000000,1,0.000000,Q:110
61,Q,Q,1.000000,1.000000,1,0.000000,Q:110
62,T,T,1.000000,1.000000,1,0.000000,T:110
63,K,K,1.000000,1.000000,1,0.000000,K:110
64,P,P,1.000000,1.000000,1,0.000000,P:110
65,N,N,1.000000,1.000000,1,0.000000,N:110
66,P,P,1.000000,1.000000,1,0.000000,P:110
67,K,K,1.000000,1.000000,1,0.000000,K:110
68,T,M,0.845455,0.154545,2,0.621099,M:93;T:17
69,R,R,1.000000,1.000000,1,0.000000,R:110
70,N,N,1.000000,1.000000,1,0.000000,N:110
71,S,S,1.000000,1.000000,1,0.000000,S:110
72,Q,Q,1.000000,1.000000,1,0.000000,Q:110
73,T,T,1.000000,1.000000,1,0.000000,T:110
74,Q,Q,1.000000,1.000000,1,0.000000,Q:110
75,T,T,1.000000,1.000000,1,0.000000,T:110
76,D,D,1.000000,1.000000,1,0.000000,D:110
77,P,P,1.000000,1.000000,1,0.000000,P:110
78,I,I,1.000000,1.000000,1,0.000000,I:110
79,C,C,1.000000,1.000000,1,0.000000,C:110
80,N,N,1.000000,1.000000,1,0.000000,N:110
81,H,H,1.000000,1.000000,1,0.000000,H:110
82,S,S,1.000000,1.000000,1,0.000000,S:110
83,F,F,1.000000,1.000000,1,0.000000,F:110
84,E,E,1.000000,1.000000,1,0.000000,E:110
85,E,E,1.000000,1.000000,1,0.000000,E:110
86,V,V,1.000000,1.000000,1,0.000000,V:110
87,V,V,1.000000,1.000000,1,0.000000,V:110
88,Q,Q,1.000000,1.000000,1,0.000000,Q:110
89,T,T,1.000000,1.000000,1,0.000000,T:110
90,L,L,1.000000,1.000000,1,0.000000,L:110
91,A,A,1.000000,1.000000,1,0.000000,A:110
92,S,S,1.000000,1.000000,1,0.000000,S:110
93,L,L,1.000000,1.000000,1,0.000000,L:110
94,A,A,1.000000,1.000000,1,0.000000,A:110
95,T,T,1.000000,1.000000,1,0.000000,T:110
96,V,V,1.000000,1.000000,1,0.000000,V:110
97,V,V,1.000000,1.000000,1,0.000000,V:110
98,Q,Q,1.000000,1.000000,1,0.000000,Q:110
99,Q,Q,1.000000,1.000000,1,0.000000,Q:110
100,Q,Q,1.000000,1.000000,1,0.000000,Q:110
101,T,T,1.000000,1.000000,1,0.000000,T:110
102,I,I,1.000000,1.000000,1,0.000000,I:110
103,A,A,1.000000,1.000000,1,0.000000,A:110
104,S,S,1.000000,1.000000,1,0.000000,S:110
105,E,E,1.000000,1.000000,1,0.000000,E:110
106,S,S,1.000000,1.000000,1,0.000000,S:110
107,L,L,1.000000,1.000000,1,0.000000,L:110
108,E,E,1.000000,1.000000,1,0.000000,E:110
109,Q,Q,1.000000,1.000000,1,0.000000,Q:110
110,R,R,1.000000,1.000000,1,0.000000,R:110
111,I,I,1.000000,1.000000,1,0.000000,I:110
112,T,T,1.000000,1.000000,1,0.000000,T:110
113,S,S,1.000000,1.000000,1,0.000000,S:110
114,L,L,1.000000,1.000000,1,0.000000,L:110
115,E,E,1.000000,1.000000,1,0.000000,E:110
116,N,N,1.000000,1.000000,1,0.000000,N:110
117,G,G,1.000000,1.000000,1,0.000000,G:110
118,L,L,1.000000,1.000000,1,0.000000,L:110
119,K,K,1.000000,1.000000,1,0.000000,K:110
120,P,P,1.000000,1.000000,1,0.000000,P:110
121,V,V,1.000000,1.000000,1,0.000000,V:110
122,Y,Y,1.000000,1.000000,1,0.000000,Y:110
123,D,D,1.000000,1.000000,1,0.000000,D:110
124,M,M,1.000000,1.000000,1,0.000000,M:110
125,A,A,1.000000,1.000000,1,0.000000,A:110
126,K,K,1.000000,1.000000,1,0.000000,K:110
127,T,T,1.000000,1.000000,1,0.000000,T:110
128,I,I,1.000000,1.000000,1,0.000000,I:110
129,S,S,1.000000,1.000000,1,0.000000,S:110
130,S,S,1.000000,1.000000,1,0.000000,S:110
131,L,L,1.000000,1.000000,1,0.000000,L:110
132,N,N,1.000000,1.000000,1,0.000000,N:110
133,R,R,1.000000,1.000000,1,0.000000,R:110
134,V,V,1.000000,1.000000,1,0.000000,V:110
135,C,C,1.000000,1.000000,1,0.000000,C:110
136,A,A,1.000000,1.000000,1,0.000000,A:110
137,E,E,1.000000,1.000000,1,0.000000,E:110
138,M,M,1.000000,1.000000,1,0.000000,M:110
139,V,V,1.000000,1.000000,1,0.000000,V:110
140,A,A,1.000000,1.000000,1,0.000000,A:110
141,K,K,1.000000,1.000000,1,0.000000,K:110
142,Y,Y,1.000000,1.000000,1,0.000000,Y:110
143,D,D,1.000000,1.000000,1,0.000000,D:110
144,L,L,1.000000,1.000000,1,0.000000,L:110
145,L,L,1.000000,1.000000,1,0.000000,L:110
146,V,V,1.000000,1.000000,1,0.000000,V:110
147,M,M,1.000000,1.000000,1,0.000000,M:110
148,T,T,1.000000,1.000000,1,0.000000,T:110
149,T,T,1.000000,1.000000,1,0.000000,T:110
150,G,G,1.000000,1.000000,1,0.000000,G:110
151,R,R,1.000000,1.000000,1,0.000000,R:110
152,A,A,1.000000,1.000000,1,0.000000,A:110
153,T,T,1.000000,1.000000,1,0.000000,T:110
154,A,A,1.000000,1.000000,1,0.000000,A:110
155,T,T,1.000000,1.000000,1,0.000000,T:110
156,A,A,1.000000,1.000000,1,0.000000,A:110
157,A,A,1.000000,1.000000,1,0.000000,A:110
158,A,A,1.000000,1.000000,1,0.000000,A:110
159,T,T,1.000000,1.000000,1,0.000000,T:110
160,E,E,1.000000,1.000000,1,0.000000,E:110
161,A,A,1.000000,1.000000,1,0.000000,A:110
162,Y,Y,1.000000,1.000000,1,0.000000,Y:110
163,W,W,1.000000,1.000000,1,0.000000,W:110
164,A,A,1.000000,1.000000,1,0.000000,A:110
165,E,E,1.000000,1.000000,1,0.000000,E:110
166,H,H,1.000000,1.000000,1,0.000000,H:110
167,G,G,1.000000,1.000000,1,0.000000,G:110
168,Q,Q,1.000000,1.000000,1,0.000000,Q:110
169,P,P,1.000000,1.000000,1,0.000000,P:110
170,P,P,1.000000,1.000000,1,0.000000,P:110
171,P,P,1.000000,1.000000,1,0.000000,P:110
172,G,G,1.000000,1.000000,1,0.000000,G:110
173,P,P,1.000000,1.000000,1,0.000000,P:110
174,S,S,1.000000,1.000000,1,0.000000,S:110
175,L,L,1.000000,1.000000,1,0.000000,L:110
176,Y,Y,1.000000,1.000000,1,0.000000,Y:110
177,E,E,1.000000,1.000000,1,0.000000,E:110
178,E,E,1.000000,1.000000,1,0.000000,E:110
179,S,S,1.000000,1.000000,1,0.000000,S:110
180,A,A,1.000000,1.000000,1,0.000000,A:110
181,I,I,1.000000,1.000000,1,0.000000,I:110
182,R,R,1.000000,1.000000,1,0.000000,R:110
183,G,G,1.000000,1.000000,1,0.000000,G:110
184,K,K,1.000000,1.000000,1,0.000000,K:110
185,I,I,1.000000,1.000000,1,0.000000,I:110
186,E,E,1.000000,1.000000,1,0.000000,E:110
187,S,S,1.000000,1.000000,1,0.000000,S:110
188,R,R,1.000000,1.000000,1,0.000000,R:110
189,D,D,1.000000,1.000000,1,0.000000,D:110
190,E,E,1.000000,1.000000,1,0.000000,E:110
191,T,T,1.000000,1.000000,1,0.000000,T:110
192,V,V,1.000000,1.000000,1,0.000000,V:110
193,P,P,1.000000,1.000000,1,0.000000,P:110
194,Q,Q,1.000000,1.000000,1,0.000000,Q:110
195,S,S,1.000000,1.000000,1,0.000000,S:110
196,V,V,1.000000,1.000000,1,0.000000,V:110
197,R,R,1.000000,1.000000,1,0.000000,R:110
198,E,E,1.000000,1.000000,1,0.000000,E:110
199,A,A,1.000000,1.000000,1,0.000000,A:110
200,F,F,1.000000,1.000000,1,0.000000,F:110
201,N,N,1.000000,1.000000,1,0.000000,N:110
202,N,N,1.000000,1.000000,1,0.000000,N:110
203,L,L,1.000000,1.000000,1,0.000000,L:110
204,N,D,0.972727,0.027273,2,0.180525,D:107;N:3
205,S,S,1.000000,1.000000,1,0.000000,S:110
206,T,T,1.000000,1.000000,1,0.000000,T:110
207,T,T,1.000000,1.000000,1,0.000000,T:110
208,S,S,1.000000,1.000000,1,0.000000,S:110
209,L,L,1.000000,1.000000,1,0.000000,L:110
210,T,T,1.000000,1.000000,1,0.000000,T:110
211,E,E,1.000000,1.000000,1,0.000000,E:110
212,E,E,1.000000,1.000000,1,0.000000,E:110
213,N,N,1.000000,1.000000,1,0.000000,N:110
214,F,F,1.000000,1.000000,1,0.000000,F:110
215,G,G,1.000000,1.000000,1,0.000000,G:110
216,K,K,1.000000,1.000000,1,0.000000,K:110
217,P,P,1.000000,1.000000,1,0.000000,P:110
218,D,D,1.000000,1.000000,1,0.000000,D:110
219,I,I,1.000000,1.000000,1,0.000000,I:110
220,S,S,1.000000,1.000000,1,0.000000,S:110
221,A,A,1.000000,1.000000,1,0.000000,A:110
222,K,K,1.000000,1.000000,1,0.000000,K:110
223,D,D,1.000000,1.000000,1,0.000000,D:110
224,L,L,1.000000,1.000000,1,0.000000,L:110
225,R,R,1.000000,1.000000,1,0.000000,R:110
226,N,N,1.000000,1.000000,1,0.000000,N:110
227,I,I,1.000000,1.000000,1,0.000000,I:110
228,M,M,1.000000,1.000000,1,0.000000,M:110
229,Y,Y,1.000000,1.000000,1,0.000000,Y:110
230,D,D,1.000000,1.000000,1,0.000000,D:110
231,H,H,1.000000,1.000000,1,0.000000,H:110
232,L,L,1.000000,1.000000,1,0.000000,L:110
233,P,P,1.000000,1.000000,1,0.000000,P:110
234,G,G,1.000000,1.000000,1,0.000000,G:110
235,F,F,1.000000,1.000000,1,0.000000,F:110
236,G,G,1.000000,1.000000,1,0.000000,G:110
237,T,T,1.000000,1.000000,1,0.000000,T:110
238,A,A,1.000000,1.000000,1,0.000000,A:110
239,F,F,1.000000,1.000000,1,0.000000,F:110
240,H,H,1.000000,1.000000,1,0.000000,H:110
241,Q,Q,1.000000,1.000000,1,0.000000,Q:110
242,L,L,1.000000,1.000000,1,0.000000,L:110
243,V,V,1.000000,1.000000,1,0.000000,V:110
244,Q,Q,1.000000,1.000000,1,0.000000,Q:110
245,V,V,1.000000,1.000000,1,0.000000,V:110
246,I,I,1.000000,1.000000,1,0.000000,I:110
247,C,C,1.000000,1.000000,1,0.000000,C:110
248,K,K,1.000000,1.000000,1,0.000000,K:110
249,L,L,1.000000,1.000000,1,0.000000,L:110
250,G,G,1.000000,1.000000,1,0.000000,G:110
251,K,K,1.000000,1.000000,1,0.000000,K:110
252,D,D,1.000000,1.000000,1,0.000000,D:110
253,S,S,1.000000,1.000000,1,0.000000,S:110
254,N,N,1.000000,1.000000,1,0.000000,N:110
255,S,S,1.000000,1.000000,1,0.000000,S:110
256,L,L,1.000000,1.000000,1,0.000000,L:110
257,D,D,1.000000,1.000000,1,0.000000,D:110
258,I,I,1.000000,1.000000,1,0.000000,I:110
259,I,I,1.000000,1.000000,1,0.000000,I:110
260,H,H,1.000000,1.000000,1,0.000000,H:110
261,A,A,1.000000,1.000000,1,0.000000,A:110
262,E,E,1.000000,1.000000,1,0.000000,E:110
263,F,F,1.000000,1.000000,1,0.000000,F:110
264,Q,Q,1.000000,1.000000,1,0.000000,Q:110
265,A,A,1.000000,1.000000,1,0.000000,A:110
266,S,S,1.000000,1.000000,1,0.000000,S:110
267,L,L,1.000000,1.000000,1,0.000000,L:110
268,A,A,1.000000,1.000000,1,0.000000,A:110
269,E,E,1.000000,1.000000,1,0.000000,E:110
270,G,G,1.000000,1.000000,1,0.000000,G:110
271,D,D,1.000000,1.000000,1,0.000000,D:110
272,S,S,1.000000,1.000000,1,0.000000,S:110
273,P,P,1.000000,1.000000,1,0.000000,P:110
274,Q,Q,1.000000,1.000000,1,0.000000,Q:110
275,C,C,1.000000,1.000000,1,0.000000,C:110
276,A,A,1.000000,1.000000,1,0.000000,A:110
277,L,L,1.000000,1.000000,1,0.000000,L:110
278,I,I,1.000000,1.000000,1,0.000000,I:110
279,Q,Q,1.000000,1.000000,1,0.000000,Q:110
280,I,I,1.000000,1.000000,1,0.000000,I:110
281,T,T,1.000000,1.000000,1,0.000000,T:110
282,K,K,1.000000,1.000000,1,0.000000,K:110
283,R,R,1.000000,1.000000,1,0.000000,R:110
284,V,V,1.000000,1.000000,1,0.000000,V:110
285,P,P,1.000000,1.000000,1,0.000000,P:110
286,I,I,1.000000,1.000000,1,0.000000,I:110
287,F,F,1.000000,1.000000,1,0.000000,F:110
288,Q,Q,1.000000,1.000000,1,0.000000,Q:110
289,D,D,1.000000,1.000000,1,0.000000,D:110
290,A,A,1.000000,1.000000,1,0.000000,A:110
291,A,A,1.000000,1.000000,1,0.000000,A:110
292,P,P,1.000000,1.000000,1,0.000000,P:110
293,P,P,1.000000,1.000000,1,0.000000,P:110
294,V,V,1.000000,1.000000,1,0.000000,V:110
295,I,I,1.000000,1.000000,1,0.000000,I:110
296,H,H,1.000000,1.000000,1,0.000000,H:110
297,I,I,1.000000,1.000000,1,0.000000,I:110
298,R,R,1.000000,1.000000,1,0.000000,R:110
299,S,S,1.000000,1.000000,1,0.000000,S:110
300,R,R,1.000000,1.000000,1,0.000000,R:110
301,G,G,1.000000,1.000000,1,0.000000,G:110
302,D,D,1.000000,1.000000,1,0.000000,D:110
303,I,I,1.000000,1.000000,1,0.000000,I:110
304,P,P,1.000000,1.000000,1,0.000000,P:110
305,R,R,1.000000,1.000000,1,0.000000,R:110
306,A,A,1.000000,1.000000,1,0.000000,A:110
307,C,C,1.000000,1.000000,1,0.000000,C:110
308,Q,Q,1.000000,1.000000,1,0.000000,Q:110
309,K,K,1.000000,1.000000,1,0.000000,K:110
310,S,S,1.000000,1.000000,1,0.000000,S:110
311,L,L,1.000000,1.000000,1,0.000000,L:110
312,R,R,1.000000,1.000000,1,0.000000,R:110
313,P,P,1.000000,1.000000,1,0.000000,P:110
314,V,V,1.000000,1.000000,1,0.000000,V:110
315,P,P,1.000000,1.000000,1,0.000000,P:110
316,P,P,1.000000,1.000000,1,0.000000,P:110
317,S,S,1.000000,1.000000,1,0.000000,S:110
318,P,P,1.000000,1.000000,1,0.000000,P:110
319,K,K,1.000000,1.000000,1,0.000000,K:110
320,I,I,1.000000,1.000000,1,0.000000,I:110
321,D,D,1.000000,1.000000,1,0.000000,D:110
322,R,R,1.000000,1.000000,1,0.000000,R:110
323,G,G,1.000000,1.000000,1,0.000000,G:110
324,W,W,1.000000,1.000000,1,0.000000,W:110
325,V,V,1.000000,1.000000,1,0.000000,V:110
326,C,C,1.000000,1.000000,1,0.000000,C:110
327,V,V,1.000000,1.000000,1,0.000000,V:110
328,F,F,1.000000,1.000000,1,0.000000,F:110
329,Q,Q,1.000000,1.000000,1,0.000000,Q:110
330,L,L,1.000000,1.000000,1,0.000000,L:110
331,Q,Q,1.000000,1.000000,1,0.000000,Q:110
332,D,D,1.000000,1.000000,1,0.000000,D:110
333,G,G,1.000000,1.000000,1,0.000000,G:110
334,K,K,1.000000,1.000000,1,0.000000,K:110
335,T,T,1.000000,1.000000,1,0.000000,T:110
336,L,L,1.000000,1.000000,1,0.000000,L:110
337,G,G,1.000000,1.000000,1,0.000000,G:110
338,L,L,1.000000,1.000000,1,0.000000,L:110
339,K,K,1.000000,1.000000,1,0.000000,K:110
340,I,I,1.000000,1.000000,1,0.000000,I:110
